{"1": {"0.0001": {"relu": 0.5458837668469396, "logistic": 0.5572259421409563, "tanh": 0.5458730363121297}, "0.001": {"relu": 0.5458837668469396, "logistic": 0.5572259421409563, "tanh": 0.5458730363121297}, "0.01": {"relu": 0.5458837668469396, "logistic": 0.5572259421409563, "tanh": 0.5458730363121297}, "0.1": {"relu": 0.5458810842132372, "logistic": 0.5572259421409563, "tanh": 0.5458730363121297}, "1.0": {"relu": 0.5326181431882565, "logistic": 0.5572259421409563, "tanh": 0.5562789724439865}, "10.0": {"relu": 0.5572259421409563, "logistic": 0.5572259421409563, "tanh": 0.5572259421409563}, "100.0": {"relu": 0.5572259421409563, "logistic": 0.5572259421409563, "tanh": 0.5572259421409563}, "1000.0": {"relu": 0.5572259421409563, "logistic": 0.5572259421409563, "tanh": 0.5572259421409563}}, "2": {"0.0001": {"relu": 0.591308803330758, "logistic": 0.5941497124216671, "tanh": 0.5932000600909949}, "0.001": {"relu": 0.591308803330758, "logistic": 0.5941497124216671, "tanh": 0.5932000600909949}, "0.01": {"relu": 0.591308803330758, "logistic": 0.5941497124216671, "tanh": 0.5932000600909949}, "0.1": {"relu": 0.591308803330758, "logistic": 0.5941497124216671, "tanh": 0.5932000600909949}, "1.0": {"relu": 0.5913061206970556, "logistic": 0.5941497124216671, "tanh": 0.5960382865482016}, "10.0": {"relu": 0.5941497124216671, "logistic": 0.5941497124216671, "tanh": 0.5941497124216671}, "100.0": {"relu": 0.5941497124216671, "logistic": 0.5941497124216671, "tanh": 0.5941497124216671}, "1000.0": {"relu": 0.5941497124216671, "logistic": 0.5941497124216671, "tanh": 0.5941497124216671}}, "3": {"0.0001": {"relu": 0.6111549274615847, "logistic": 0.6120992145248519, "tanh": 0.6120992145248519}, "0.001": {"relu": 0.6111549274615847, "logistic": 0.6120992145248519, "tanh": 0.6120992145248519}, "0.01": {"relu": 0.6111549274615847, "logistic": 0.6120992145248519, "tanh": 0.6120992145248519}, "0.1": {"relu": 0.6111549274615847, "logistic": 0.6120992145248519, "tanh": 0.6120992145248519}, "1.0": {"relu": 0.610207957764615, "logistic": 0.6120992145248519, "tanh": 0.6120992145248519}, "10.0": {"relu": 0.6120992145248519, "logistic": 0.6120992145248519, "tanh": 0.6120992145248519}, "100.0": {"relu": 0.6120992145248519, "logistic": 0.6120992145248519, "tanh": 0.6120992145248519}, "1000.0": {"relu": 0.6120992145248519, "logistic": 0.6120992145248519, "tanh": 0.6120992145248519}}, "5": {"0.0001": {"relu": 0.612128723495579, "logistic": 0.612128723495579, "tanh": 0.6121260408618766}, "0.001": {"relu": 0.612128723495579, "logistic": 0.612128723495579, "tanh": 0.6121260408618766}, "0.01": {"relu": 0.612128723495579, "logistic": 0.612128723495579, "tanh": 0.6121260408618766}, "0.1": {"relu": 0.612128723495579, "logistic": 0.612128723495579, "tanh": 0.6121260408618766}, "1.0": {"relu": 0.6102347841016397, "logistic": 0.612128723495579, "tanh": 0.6121260408618766}, "10.0": {"relu": 0.612128723495579, "logistic": 0.612128723495579, "tanh": 0.612128723495579}, "100.0": {"relu": 0.612128723495579, "logistic": 0.612128723495579, "tanh": 0.612128723495579}, "1000.0": {"relu": 0.612128723495579, "logistic": 0.612128723495579, "tanh": 0.612128723495579}}, "10": {"0.0001": {"relu": 0.6253675208172376, "logistic": 0.6263144905142073, "tanh": 0.6244205511202678}, "0.001": {"relu": 0.6253675208172376, "logistic": 0.6263144905142073, "tanh": 0.6244205511202678}, "0.01": {"relu": 0.6253675208172376, "logistic": 0.6263144905142073, "tanh": 0.6244205511202678}, "0.1": {"relu": 0.6253675208172376, "logistic": 0.6263144905142073, "tanh": 0.6244205511202678}, "1.0": {"relu": 0.6263144905142072, "logistic": 0.6263144905142073, "tanh": 0.6263144905142072}, "10.0": {"relu": 0.6263144905142073, "logistic": 0.6263144905142073, "tanh": 0.6263144905142073}, "100.0": {"relu": 0.6263144905142073, "logistic": 0.6263144905142073, "tanh": 0.6263144905142073}, "1000.0": {"relu": 0.6263144905142073, "logistic": 0.6263144905142073, "tanh": 0.6263144905142073}}, "20": {"0.0001": {"relu": 0.663203386556786, "logistic": 0.663203386556786, "tanh": 0.6622564168598163}, "0.001": {"relu": 0.663203386556786, "logistic": 0.663203386556786, "tanh": 0.6622564168598163}, "0.01": {"relu": 0.663203386556786, "logistic": 0.663203386556786, "tanh": 0.6622564168598163}, "0.1": {"relu": 0.663203386556786, "logistic": 0.663203386556786, "tanh": 0.6622564168598163}, "1.0": {"relu": 0.6613094471628466, "logistic": 0.663203386556786, "tanh": 0.663203386556786}, "10.0": {"relu": 0.663203386556786, "logistic": 0.663203386556786, "tanh": 0.663203386556786}, "100.0": {"relu": 0.663203386556786, "logistic": 0.663203386556786, "tanh": 0.663203386556786}, "1000.0": {"relu": 0.663203386556786, "logistic": 0.663203386556786, "tanh": 0.663203386556786}}, "40": {"0.0001": {"relu": 0.7379415615074255, "logistic": 0.7379415615074255, "tanh": 0.7379415615074255}, "0.001": {"relu": 0.7379415615074255, "logistic": 0.7379415615074255, "tanh": 0.7379415615074255}, "0.01": {"relu": 0.7379415615074255, "logistic": 0.7379415615074255, "tanh": 0.7379415615074255}, "0.1": {"relu": 0.7379415615074255, "logistic": 0.7379415615074255, "tanh": 0.7379415615074255}, "1.0": {"relu": 0.7369945918104558, "logistic": 0.7379415615074255, "tanh": 0.7379415615074255}, "10.0": {"relu": 0.7379415615074255, "logistic": 0.7379415615074255, "tanh": 0.7379415615074255}, "100.0": {"relu": 0.7379415615074255, "logistic": 0.7379415615074255, "tanh": 0.7379415615074255}, "1000.0": {"relu": 0.7379415615074255, "logistic": 0.7379415615074255, "tanh": 0.7379415615074255}}, "60": {"0.0001": {"relu": 0.7653580779466048, "logistic": 0.7653580779466048, "tanh": 0.7653580779466048}, "0.001": {"relu": 0.7653580779466048, "logistic": 0.7653580779466048, "tanh": 0.7653580779466048}, "0.01": {"relu": 0.7653580779466048, "logistic": 0.7653580779466048, "tanh": 0.7653580779466048}, "0.1": {"relu": 0.7653580779466048, "logistic": 0.7653580779466048, "tanh": 0.7653580779466048}, "1.0": {"relu": 0.7653580779466048, "logistic": 0.7653580779466048, "tanh": 0.7653580779466048}, "10.0": {"relu": 0.7653580779466048, "logistic": 0.7653580779466048, "tanh": 0.7653580779466048}, "100.0": {"relu": 0.7653580779466048, "logistic": 0.7653580779466048, "tanh": 0.7653580779466048}, "1000.0": {"relu": 0.7653580779466048, "logistic": 0.7653580779466048, "tanh": 0.7653580779466048}}, "120": {"0.0001": {"relu": 0.8391600137350846, "logistic": 0.8391600137350846, "tanh": 0.8391600137350846}, "0.001": {"relu": 0.8391600137350846, "logistic": 0.8391600137350846, "tanh": 0.8391600137350846}, "0.01": {"relu": 0.8391600137350846, "logistic": 0.8391600137350846, "tanh": 0.8391600137350846}, "0.1": {"relu": 0.8391600137350846, "logistic": 0.8391600137350846, "tanh": 0.8391600137350846}, "1.0": {"relu": 0.8391600137350846, "logistic": 0.8391600137350846, "tanh": 0.8391600137350846}, "10.0": {"relu": 0.8391600137350846, "logistic": 0.8391600137350846, "tanh": 0.8391600137350846}, "100.0": {"relu": 0.8391600137350846, "logistic": 0.8391600137350846, "tanh": 0.8391600137350846}, "1000.0": {"relu": 0.8391600137350846, "logistic": 0.8391600137350846, "tanh": 0.8391600137350846}}, "250": {"0.0001": {"relu": 0.9347234741179501, "logistic": 0.9347234741179501, "tanh": 0.9347234741179501}, "0.001": {"relu": 0.9347234741179501, "logistic": 0.9347234741179501, "tanh": 0.9347234741179501}, "0.01": {"relu": 0.9347234741179501, "logistic": 0.9347234741179501, "tanh": 0.9347234741179501}, "0.1": {"relu": 0.9347234741179501, "logistic": 0.9347234741179501, "tanh": 0.9347234741179501}, "1.0": {"relu": 0.9347234741179501, "logistic": 0.9347234741179501, "tanh": 0.9347234741179501}, "10.0": {"relu": 0.9347234741179501, "logistic": 0.9347234741179501, "tanh": 0.9347234741179501}, "100.0": {"relu": 0.9347234741179501, "logistic": 0.9347234741179501, "tanh": 0.9347234741179501}, "1000.0": {"relu": 0.9347234741179501, "logistic": 0.9347234741179501, "tanh": 0.9347234741179501}}}