{"1": {"0.0001": {"relu": 0.7861940939136406, "logistic": 0.5591064683663833, "tanh": 0.7842947892522963}, "0.001": {"relu": 0.7861940939136406, "logistic": 0.5591064683663833, "tanh": 0.7842947892522963}, "0.01": {"relu": 0.7861940939136406, "logistic": 0.5591064683663833, "tanh": 0.7842947892522963}, "0.1": {"relu": 0.7861940939136406, "logistic": 0.5591064683663833, "tanh": 0.7842947892522963}, "1.0": {"relu": 0.7748411880848142, "logistic": 0.5591064683663833, "tanh": 0.7909289423984891}, "10.0": {"relu": 0.7861860460125333, "logistic": 0.5591064683663833, "tanh": 0.7842921066185938}, "100.0": {"relu": 0.5591064683663833, "logistic": 0.5591064683663833, "tanh": 0.5591064683663833}, "1000.0": {"relu": 0.5591064683663833, "logistic": 0.5591064683663833, "tanh": 0.5591064683663833}}, "2": {"0.0001": {"relu": 0.9706841788994763, "logistic": 0.5837410936561079, "tanh": 0.9801431453343635}, "0.001": {"relu": 0.9706841788994763, "logistic": 0.5837410936561079, "tanh": 0.9801431453343635}, "0.01": {"relu": 0.9706841788994763, "logistic": 0.5837410936561079, "tanh": 0.9801431453343635}, "0.1": {"relu": 0.9716311485964461, "logistic": 0.5837410936561079, "tanh": 0.9782518885741265}, "1.0": {"relu": 0.9792015409047986, "logistic": 0.5837410936561079, "tanh": 0.9810901150313333}, "10.0": {"relu": 0.9583869860073827, "logistic": 0.5837410936561079, "tanh": 0.9593339557043522}, "100.0": {"relu": 0.5837410936561079, "logistic": 0.5837410936561079, "tanh": 0.5837410936561079}, "1000.0": {"relu": 0.5837410936561079, "logistic": 0.5837410936561079, "tanh": 0.5837410936561079}}, "3": {"0.0001": {"relu": 0.8949936689844623, "logistic": 0.5903350072967637, "tanh": 0.8931050948579277}, "0.001": {"relu": 0.8949936689844623, "logistic": 0.5903350072967637, "tanh": 0.8931050948579277}, "0.01": {"relu": 0.8949936689844623, "logistic": 0.5903350072967637, "tanh": 0.8931050948579277}, "0.1": {"relu": 0.8959406386814318, "logistic": 0.5903350072967637, "tanh": 0.8931050948579277}, "1.0": {"relu": 0.8959406386814318, "logistic": 0.5903350072967637, "tanh": 0.8912165207313931}, "10.0": {"relu": 0.8930970469568204, "logistic": 0.5903350072967637, "tanh": 0.8912057901965834}, "100.0": {"relu": 0.5903350072967637, "logistic": 0.5903350072967637, "tanh": 0.5903350072967637}, "1000.0": {"relu": 0.5903350072967637, "logistic": 0.5903350072967637, "tanh": 0.5903350072967637}}, "5": {"0.0001": {"relu": 0.801329513262941, "logistic": 0.597932225942141, "tanh": 0.7880907159412825}, "0.001": {"relu": 0.801329513262941, "logistic": 0.597932225942141, "tanh": 0.7880907159412825}, "0.01": {"relu": 0.8022764829599107, "logistic": 0.597932225942141, "tanh": 0.7880907159412825}, "0.1": {"relu": 0.8022764829599107, "logistic": 0.597932225942141, "tanh": 0.7880907159412825}, "1.0": {"relu": 0.8032234526568804, "logistic": 0.597932225942141, "tanh": 0.8022818482273157}, "10.0": {"relu": 0.7918812773628637, "logistic": 0.597932225942141, "tanh": 0.7880960812086873}, "100.0": {"relu": 0.597932225942141, "logistic": 0.597932225942141, "tanh": 0.597932225942141}, "1000.0": {"relu": 0.597932225942141, "logistic": 0.597932225942141, "tanh": 0.597932225942141}}, "10": {"0.0001": {"relu": 0.7568541291097949, "logistic": 0.6121126276933643, "tanh": 0.7483340844707701}, "0.001": {"relu": 0.7568541291097949, "logistic": 0.6121126276933643, "tanh": 0.7483340844707701}, "0.01": {"relu": 0.7568541291097949, "logistic": 0.6121126276933643, "tanh": 0.7483340844707701}, "0.1": {"relu": 0.7559071594128252, "logistic": 0.6121126276933643, "tanh": 0.7473871147738004}, "1.0": {"relu": 0.75684876384239, "logistic": 0.6121126276933643, "tanh": 0.7483421323718774}, "10.0": {"relu": 0.7502360717658169, "logistic": 0.6121126276933643, "tanh": 0.7492917847025495}, "100.0": {"relu": 0.6121126276933643, "logistic": 0.6121126276933643, "tanh": 0.6121126276933643}, "1000.0": {"relu": 0.6121126276933643, "logistic": 0.6121126276933643, "tanh": 0.6121126276933643}}, "20": {"0.0001": {"relu": 0.7540373637222079, "logistic": 0.6584792686067473, "tanh": 0.7455200017168856}, "0.001": {"relu": 0.7540373637222079, "logistic": 0.6584792686067473, "tanh": 0.7455200017168856}, "0.01": {"relu": 0.7530903940252381, "logistic": 0.6584792686067473, "tanh": 0.7455200017168856}, "0.1": {"relu": 0.7521434243282684, "logistic": 0.6584792686067473, "tanh": 0.7455200017168856}, "1.0": {"relu": 0.7256202249120096, "logistic": 0.6584792686067473, "tanh": 0.7474085758434201}, "10.0": {"relu": 0.7322785217615245, "logistic": 0.6584792686067473, "tanh": 0.7303899476349901}, "100.0": {"relu": 0.6584792686067473, "logistic": 0.6584792686067473, "tanh": 0.6584792686067473}, "1000.0": {"relu": 0.6584792686067473, "logistic": 0.6584792686067473, "tanh": 0.6584792686067473}}, "40": {"0.0001": {"relu": 0.7823981672246546, "logistic": 0.7360610352819984, "tanh": 0.7805122757318225}, "0.001": {"relu": 0.7823981672246546, "logistic": 0.7360610352819984, "tanh": 0.7805122757318225}, "0.01": {"relu": 0.7823981672246546, "logistic": 0.7360610352819984, "tanh": 0.7805122757318225}, "0.1": {"relu": 0.7814511975276849, "logistic": 0.7360610352819984, "tanh": 0.7805122757318225}, "1.0": {"relu": 0.7805122757318225, "logistic": 0.7360610352819984, "tanh": 0.7748331401837069}, "10.0": {"relu": 0.7616077560305605, "logistic": 0.7360610352819984, "tanh": 0.7691674178041032}, "100.0": {"relu": 0.7360610352819984, "logistic": 0.7360610352819984, "tanh": 0.7360610352819984}, "1000.0": {"relu": 0.7360610352819984, "logistic": 0.7360610352819984, "tanh": 0.7360610352819984}}, "60": {"0.0001": {"relu": 0.8079502532406214, "logistic": 0.7568621770109023, "tanh": 0.8013241479955361}, "0.001": {"relu": 0.8079502532406214, "logistic": 0.7568621770109023, "tanh": 0.8013241479955361}, "0.01": {"relu": 0.8079502532406214, "logistic": 0.7568621770109023, "tanh": 0.8013241479955361}, "0.1": {"relu": 0.8079502532406214, "logistic": 0.7568621770109023, "tanh": 0.8003798609322689}, "1.0": {"relu": 0.7994302086015966, "logistic": 0.7568621770109023, "tanh": 0.8003771782985664}, "10.0": {"relu": 0.7729526139582797, "logistic": 0.7568621770109023, "tanh": 0.78994978109709}, "100.0": {"relu": 0.7568621770109023, "logistic": 0.7568621770109023, "tanh": 0.7568621770109023}, "1000.0": {"relu": 0.7568621770109023, "logistic": 0.7568621770109023, "tanh": 0.7568621770109023}}, "120": {"0.0001": {"relu": 0.8845770023177955, "logistic": 0.849592776203966, "tanh": 0.8864682590780325}, "0.001": {"relu": 0.8845770023177955, "logistic": 0.849592776203966, "tanh": 0.8864682590780325}, "0.01": {"relu": 0.8845770023177955, "logistic": 0.849592776203966, "tanh": 0.8864682590780325}, "0.1": {"relu": 0.8845770023177955, "logistic": 0.849592776203966, "tanh": 0.8864682590780325}, "1.0": {"relu": 0.8836219847197185, "logistic": 0.849592776203966, "tanh": 0.8855212893810628}, "10.0": {"relu": 0.8524336852948751, "logistic": 0.849592776203966, "tanh": 0.8571631685123187}, "100.0": {"relu": 0.849592776203966, "logistic": 0.849592776203966, "tanh": 0.849592776203966}, "1000.0": {"relu": 0.849592776203966, "logistic": 0.849592776203966, "tanh": 0.849592776203966}}, "250": {"0.0001": {"relu": 0.9347261567516525, "logistic": 0.9347261567516525, "tanh": 0.9347261567516525}, "0.001": {"relu": 0.9347261567516525, "logistic": 0.9347261567516525, "tanh": 0.9347261567516525}, "0.01": {"relu": 0.9347261567516525, "logistic": 0.9347261567516525, "tanh": 0.9347261567516525}, "0.1": {"relu": 0.9347261567516525, "logistic": 0.9347261567516525, "tanh": 0.9347261567516525}, "1.0": {"relu": 0.9347261567516525, "logistic": 0.9347261567516525, "tanh": 0.9347261567516525}, "10.0": {"relu": 0.9347261567516525, "logistic": 0.9347261567516525, "tanh": 0.9347261567516525}, "100.0": {"relu": 0.9347261567516525, "logistic": 0.9347261567516525, "tanh": 0.9347261567516525}, "1000.0": {"relu": 0.9347261567516525, "logistic": 0.9347261567516525, "tanh": 0.9347261567516525}}}