{"1": {"0.0001": {"linear": 0.5572259421409563, "rbf": 0.5572259421409563}, "0.001": {"linear": 0.5572259421409563, "rbf": 0.5572259421409563}, "0.01": {"linear": 0.5572259421409563, "rbf": 0.5572259421409563}, "0.1": {"linear": 0.5572259421409563, "rbf": 0.5572259421409563}, "1.0": {"linear": 0.5572259421409563, "rbf": 0.5468012275731823}, "10.0": {"linear": 0.5572259421409563, "rbf": 0.5354510043780581}}, "2": {"0.0001": {"linear": 0.5941497124216671, "rbf": 0.5941497124216671}, "0.001": {"linear": 0.5941497124216671, "rbf": 0.5941497124216671}, "0.01": {"linear": 0.5941497124216671, "rbf": 0.5941497124216671}, "0.1": {"linear": 0.5941497124216671, "rbf": 0.5941497124216671}, "1.0": {"linear": 0.5941497124216671, "rbf": 0.588462528972444}, "10.0": {"linear": 0.5941497124216671, "rbf": 0.5742579835178985}}, "3": {"0.0001": {"linear": 0.6120992145248519, "rbf": 0.6120992145248519}, "0.001": {"linear": 0.6120992145248519, "rbf": 0.6120992145248519}, "0.01": {"linear": 0.6120992145248519, "rbf": 0.6120992145248519}, "0.1": {"linear": 0.6120992145248519, "rbf": 0.6120992145248519}, "1.0": {"linear": 0.6120992145248519, "rbf": 0.608311335736973}, "10.0": {"linear": 0.6120992145248519, "rbf": 0.5837062194179757}}, "5": {"0.0001": {"linear": 0.612128723495579, "rbf": 0.612128723495579}, "0.001": {"linear": 0.612128723495579, "rbf": 0.612128723495579}, "0.01": {"linear": 0.612128723495579, "rbf": 0.612128723495579}, "0.1": {"linear": 0.612128723495579, "rbf": 0.612128723495579}, "1.0": {"linear": 0.612128723495579, "rbf": 0.6055026182504936}, "10.0": {"linear": 0.612128723495579, "rbf": 0.5742767619538158}}, "10": {"0.0001": {"linear": 0.6263144905142073, "rbf": 0.6263144905142073}, "0.001": {"linear": 0.6263144905142073, "rbf": 0.6263144905142073}, "0.01": {"linear": 0.6263144905142073, "rbf": 0.6263144905142073}, "0.1": {"linear": 0.6263144905142073, "rbf": 0.6263144905142073}, "1.0": {"linear": 0.6263144905142073, "rbf": 0.6263144905142073}, "10.0": {"linear": 0.6263144905142073, "rbf": 0.6064281268778436}}, "20": {"0.0001": {"linear": 0.663203386556786, "rbf": 0.663203386556786}, "0.001": {"linear": 0.663203386556786, "rbf": 0.663203386556786}, "0.01": {"linear": 0.663203386556786, "rbf": 0.663203386556786}, "0.1": {"linear": 0.663203386556786, "rbf": 0.663203386556786}, "1.0": {"linear": 0.663203386556786, "rbf": 0.6603624774658768}, "10.0": {"linear": 0.663203386556786, "rbf": 0.6451975491458494}}, "40": {"0.0001": {"linear": 0.7379415615074255, "rbf": 0.7379415615074255}, "0.001": {"linear": 0.7379415615074255, "rbf": 0.7379415615074255}, "0.01": {"linear": 0.7379415615074255, "rbf": 0.7379415615074255}, "0.1": {"linear": 0.7379415615074255, "rbf": 0.7379415615074255}, "1.0": {"linear": 0.7379415615074255, "rbf": 0.7379415615074255}, "10.0": {"linear": 0.7379415615074255, "rbf": 0.7209095201304834}}, "60": {"0.0001": {"linear": 0.7653580779466048, "rbf": 0.7653580779466048}, "0.001": {"linear": 0.7653580779466048, "rbf": 0.7653580779466048}, "0.01": {"linear": 0.7653580779466048, "rbf": 0.7653580779466048}, "0.1": {"linear": 0.7653580779466048, "rbf": 0.7653580779466048}, "1.0": {"linear": 0.7653580779466048, "rbf": 0.7653580779466048}, "10.0": {"linear": 0.7653580779466048, "rbf": 0.7426683620911666}}, "120": {"0.0001": {"linear": 0.8391600137350846, "rbf": 0.8391600137350846}, "0.001": {"linear": 0.8391600137350846, "rbf": 0.8391600137350846}, "0.01": {"linear": 0.8391600137350846, "rbf": 0.8391600137350846}, "0.1": {"linear": 0.8391600137350846, "rbf": 0.8391600137350846}, "1.0": {"linear": 0.8391600137350846, "rbf": 0.8391600137350846}, "10.0": {"linear": 0.8391600137350846, "rbf": 0.8259265816808309}}, "250": {"0.0001": {"linear": 0.9347234741179501, "rbf": 0.9347234741179501}, "0.001": {"linear": 0.9347234741179501, "rbf": 0.9347234741179501}, "0.01": {"linear": 0.9347234741179501, "rbf": 0.9347234741179501}, "0.1": {"linear": 0.9347234741179501, "rbf": 0.9347234741179501}, "1.0": {"linear": 0.9347234741179501, "rbf": 0.9347234741179501}, "10.0": {"linear": 0.9347234741179501, "rbf": 0.9347234741179501}}}